{
  "cookieHeader": "_ga_C30DD9CSF3=GS2.2.s1763542107$o1$g1$t1763542110$j57$l0$h0; _gat=1; _elocal_session=S2lQRFVQRWQxTVZXRnRXcmRRWE9pME00STV0L2czMUgzOEszR2lxY1ppSHBmcWIxWHNXMjN0YnplcjdWQlZGa25CRUF3MWlUNldZOHZSRXJ4Ym9LOGJvbVdGNjBCNGVOZS83M2dyTzR4MW15OWdrUXBXOS9yY0tUeXBKbzNoWEF1NGNKcGVJcFZ4QkE4a2YwVmdjV1pnWE1aVXdzNnBpTFFWcGNKc2RSaWxZa3VqcGcxUCs0bFdFV25qamRLTjlSdkhkYjQxOHJ3TEVRZkdTZ0F2S0lPOHplTWEyaW1JRmZxNjBlZkdSR1d1ZkVVbE9INUl5czZhRGYwOGtvNXV2SHNPN1VoUmZuYXNTTDJJdXJrMWk5NWN5N3dMdEx2OU15ZGlqUktwSS9mb2RsYjlLSFJ3SmJrQ3p3bm1xTloyY0c3cGtoYkV1bmhLWHZBMzJHV0FwS0kwQkg3cm1WZy9PV1FDYkF6b1pPWnJpR0lUNzd0MVpqbHVKbFJuSklmbURra1VOYU00aE45MFpMKzhrQldrR2EzQT09LS1IbVNsdDY1TStPQ0JpamNvVzFvYnNnPT0%3D--7b1ec573baf609ae08be19393fcec40207a8debf; _ga_2Q56BTS3QS=GS2.2.s1763542107$o1$g1$t1763542110$j57$l0$h0; _gat_AllSites=1; _ga_DXE1VKD2ZP=GS2.2.s1763542107$o1$g1$t1763542110$j57$l0$h0; _gid=GA1.2.1960818835.1763542107; _ga=GA1.2.1949418309.1763542107",
  "createdAt": 1763542110911,
  "expiresAt": 1763801310911
}